Feature,Coefficient,Odds_Ratio,Absolute_Coefficient
Contract_Two year,-1.53609454906162,0.21521999336009096,1.53609454906162
InternetService_Fiber optic,1.1925120628309167,3.295348942093154,1.1925120628309167
tenure,-0.8642180146019742,0.4213809375636121,0.8642180146019742
Contract_One year,-0.7348515615193311,0.47957664131966565,0.7348515615193311
Tenure_Group_13-24개월,-0.4404642885773132,0.6437374717342129,0.4404642885773132
OnlineSecurity_Yes,-0.4370071144593103,0.6459668356895082,0.4370071144593103
PaymentMethod_Electronic check,0.39611828019954437,1.4860450768649849,0.39611828019954437
MultipleLines_Yes,0.364626341139703,1.4399758478771287,0.364626341139703
TechSupport_Yes,-0.36304902759018953,0.6955523314084706,0.36304902759018953
MonthlyCharges,-0.35496735852256545,0.7011963309192389,0.35496735852256545
PaperlessBilling_Yes,0.3435326946800827,1.40991961860019,0.3435326946800827
PhoneService_Yes,-0.31179110360180806,0.7321344525052118,0.31179110360180806
StreamingMovies_Yes,0.3012401003466057,1.3515338063197504,0.3012401003466057
Tenure_Group_49개월 이상,0.282718081111909,1.3267310785386064,0.282718081111909
StreamingTV_Yes,0.27907874898896207,1.3219114389601092,0.27907874898896207
Tenure_Group_25-48개월,-0.24288713533372255,0.7843600353096122,0.24288713533372255
Service_Count,0.2302322668023775,1.2588923748812784,0.2302322668023775
Dependents_Yes,-0.21552480415294004,0.8061182749291557,0.21552480415294004
OnlineBackup_Yes,-0.1917744644885244,0.8254930254901098,0.1917744644885244
StreamingMovies_No internet service,-0.16257946718833105,0.8499485445205409,0.16257946718833105
StreamingTV_No internet service,-0.16257946718833105,0.8499485445205409,0.16257946718833105
TechSupport_No internet service,-0.16257946718833105,0.8499485445205409,0.16257946718833105
DeviceProtection_No internet service,-0.16257946718833105,0.8499485445205409,0.16257946718833105
OnlineBackup_No internet service,-0.16257946718833105,0.8499485445205409,0.16257946718833105
InternetService_No,-0.16257946718833105,0.8499485445205409,0.16257946718833105
OnlineSecurity_No internet service,-0.16257946718833105,0.8499485445205409,0.16257946718833105
MultipleLines_No phone service,-0.12150881676347638,0.885583245336434,0.12150881676347638
SeniorCitizen,0.06006995897076614,1.0619108341357892,0.06006995897076614
PaymentMethod_Mailed check,0.05455383718385696,1.056069330681996,0.05455383718385696
DeviceProtection_Yes,-0.05327418849395942,0.9481200132410035,0.05327418849395942
gender_Male,0.028636828614421454,1.0290508047977724,0.028636828614421454
Partner_Yes,0.026881639220072962,1.0272462099051372,0.026881639220072962
PaymentMethod_Credit card (automatic),0.02300097503050556,1.0232675372637952,0.02300097503050556
Avg_Monthly_Ratio,-0.008464266767519043,0.9915714542832207,0.008464266767519043
